{
    "timestamp": "20251007_014137",
    "base_metrics": {
        "rouge": {
            "rouge1": 0.1788311785753669,
            "rouge2": 0.059521257305104186,
            "rougeL": 0.14428085094044818,
            "rougeLsum": 0.1439448562287654
        },
        "bertscore": {
            "precision": 0.8222845405121596,
            "recall": 0.8740844572085914,
            "f1": 0.8468299139391239
        }
    },
    "lora_metrics": {
        "rouge": {
            "rouge1": 0.35083494204333926,
            "rouge2": 0.17420279516832038,
            "rougeL": 0.28582585326533955,
            "rougeLsum": 0.2862360121120931
        },
        "bertscore": {
            "precision": 0.866560807583676,
            "recall": 0.909837662809344,
            "f1": 0.8870734017897934
        }
    },
    "qlora_metrics": {
        "rouge": {
            "rouge1": 0.28678682850853854,
            "rouge2": 0.13819968858783355,
            "rougeL": 0.23450122272161783,
            "rougeLsum": 0.2343960049593905
        },
        "bertscore": {
            "precision": 0.8452697496833894,
            "recall": 0.9036139249072973,
            "f1": 0.8729197835426751
        }
    },
    "comparisons": {
        "lora_vs_base": {
            "rouge1_delta": 0.17200376346797236,
            "rouge2_delta": 0.11468153786321619,
            "rougeL_delta": 0.14154500232489137,
            "bertscore_f1_delta": 0.04024348785066956
        },
        "qlora_vs_base": {
            "rouge1_delta": 0.10795564993317164,
            "rouge2_delta": 0.07867843128272936,
            "rougeL_delta": 0.09022037178116965,
            "bertscore_f1_delta": 0.026089869603551197
        },
        "qlora_vs_lora": {
            "rouge1_delta": -0.06404811353480072,
            "rouge2_delta": -0.03600310658048683,
            "rougeL_delta": -0.051324630543721717,
            "bertscore_f1_delta": -0.01415361824711836
        }
    }
}